title,description
"T1 - Create product listing page","Review the test suite and increase coverage to at least 80% for critical modules."
"T2 - Review database schema","Add loading skeleton screens to improve perceived performance during data fetching."
"T3 - Design 404 error page","Implement subscription billing with support for monthly and annual plans."
"T4 - Update color palette","Add loading skeleton screens to improve perceived performance during data fetching."
"T5 - Review database schema","Set up a staging environment that mirrors production for safe pre-release testing."
"T6 - Fix typos on website","Set up Redis caching for frequently accessed data to reduce database load."
"T7 - Update homepage banner","Write a detailed changelog for the upcoming release to communicate changes to users."
"T8 - Add tooltips to UI","Add structured logging to all backend services to facilitate debugging and monitoring."
"T9 - Implement rate limiting","Investigate and resolve the issue causing users to be unable to log in with valid credentials."
"T10 - Fix memory leak in worker","Optimize slow database queries identified in the performance profiling report."
"T11 - Write integration tests","Write a technical specification document for the upcoming feature before development begins."
"T12 - Fix broken links on website","Write a detailed changelog for the upcoming release to communicate changes to users."
"T13 - Design email templates","Review the application for common security vulnerabilities such as XSS and SQL injection."
"T14 - Design 404 error page","Implement lazy loading for off-screen components to improve initial page load time."
"T15 - Write unit tests for API","Implement an order tracking feature so customers can follow their order status in real time."
"T16 - Add keyboard shortcuts","Set up error monitoring using Sentry to track and alert on production errors."
"T17 - Write API documentation","Fix the email formatting issue causing HTML tags to appear as plain text in some clients."
"T18 - Refactor auth module","Add multilingual support starting with English, Portuguese, and Spanish."
"T19 - Set up error monitoring","Add email notification support for key user events such as sign-up and password changes."
"T20 - Create onboarding checklist","Update all outdated npm/pip dependencies and resolve any compatibility issues."
"T21 - Create data visualization charts","Add retry logic with exponential backoff to all external API calls to handle transient errors."
"T22 - Create API rate limit dashboard","Create a product listing page with filtering, sorting, and grid/list view options."
"T23 - Add export to PDF feature","Add webhook support so third-party integrations can receive real-time event notifications."
"T24 - Add two-factor authentication","Update the color palette across the application to match the new brand guidelines."
"T25 - Create weekly report template","Write a detailed changelog for the upcoming release to communicate changes to users."
"T26 - Implement subscription billing","Implement an automated data backup routine that runs daily and stores to S3."
"T27 - Add search filters","Update the privacy policy page to comply with the latest GDPR requirements."
"T28 - Add search filters","Set up error monitoring using Sentry to track and alert on production errors."
"T29 - Fix date picker on mobile","Implement a notification center where users can see and manage their in-app notifications."
"T30 - Write changelog for release","Refactor the authentication module to improve maintainability and reduce code duplication."
"T31 - Implement order tracking","Create a product listing page with filtering, sorting, and grid/list view options."
"T32 - Update color palette","Implement lazy loading for off-screen components to improve initial page load time."
"T33 - Design 404 error page","Add social login options including Google and GitHub to simplify the sign-up process."
"T34 - Create API rate limit dashboard","Create a dashboard showing API rate limit usage per user and per endpoint."
"T35 - Create data migration script","Design and implement a new onboarding flow to improve user activation rates."
"T36 - Review pull requests","Review the application for common security vulnerabilities such as XSS and SQL injection."
"T37 - Create admin dashboard","Add structured logging to all backend services to facilitate debugging and monitoring."
"T38 - Implement token refresh logic","Implement soft delete functionality so records are archived instead of permanently removed."
"T39 - Add retry logic to API calls","Create data visualization charts for the analytics dashboard using charting libraries."
"T40 - Set up feature flags","Implement a notification center where users can see and manage their in-app notifications."
"T41 - Optimize image loading","Add an activity feed so users can see recent actions taken within their account."
"T42 - Implement CSV export feature","Identify and fix all broken links reported by the SEO audit tool."
"T43 - Create data migration script","Implement lazy loading for off-screen components to improve initial page load time."
"T44 - Add user impersonation for admins","Set up a CI/CD pipeline using GitHub Actions to automate testing and deployments."
"T45 - Write technical specification","Add retry logic with exponential backoff to all external API calls to handle transient errors."
"T46 - Implement soft delete","Add dark mode support across all pages following the design system guidelines."
"T47 - Add retry logic to API calls","Update the color palette across the application to match the new brand guidelines."
"T48 - Set up feature flags","Improve error messages throughout the app to be more descriptive and actionable."
"T49 - Create admin dashboard","Add multilingual support starting with English, Portuguese, and Spanish."
"T50 - Create user profile page","Set up error monitoring using Sentry to track and alert on production errors."
"T51 - Improve error messages","Improve client-side and server-side form validation with helpful inline error messages."
"T52 - Implement notification center","Add an audit log to track all sensitive actions performed by users and admins."
"T53 - Fix date picker on mobile","Fix the session expiration bug causing users to be logged out unexpectedly."
"T54 - Implement subscription billing","Improve client-side and server-side form validation with helpful inline error messages."
"T55 - Add infinite scroll","Create a data migration script to transfer records from the legacy system to the new one."
"T56 - Add multilingual support","Update the color palette across the application to match the new brand guidelines."
"T57 - Implement notification center","Optimize slow database queries identified in the performance profiling report."
"T58 - Implement chat feature","Add confirmation dialogs to all destructive actions such as delete and bulk remove."
"T59 - Add keyboard shortcuts","Set up automated daily database backups with a 30-day retention policy."
"T60 - Implement CSV export feature","Implement an automated data backup routine that runs daily and stores to S3."
"T61 - Optimize database queries","Set up Redis caching for frequently accessed data to reduce database load."
"T62 - Create user feedback form","Add keyboard shortcuts for common actions to improve productivity for power users."
"T63 - Add user impersonation for admins","Design a friendly and helpful 404 error page with navigation options."
"T64 - Add confirmation dialogs","Create an admin dashboard with user management, metrics, and system health indicators."
"T65 - Add social login options","Implement two-factor authentication via SMS or authenticator app for enhanced security."
"T66 - Implement drag and drop","Add an activity feed so users can see recent actions taken within their account."
"T67 - Update privacy policy page","Fix the session expiration bug causing users to be logged out unexpectedly."
"T68 - Optimize image loading","Review the application for common security vulnerabilities such as XSS and SQL injection."
"T69 - Add audit log","Design and implement a new onboarding flow to improve user activation rates."
"T70 - Add search filters","Implement a CSV export feature so users can download their data in spreadsheet format."
"T71 - Fix typos on website","Add an export to PDF feature for reports and documents generated within the platform."
"T72 - Create user feedback form","Implement an order tracking feature so customers can follow their order status in real time."
"T73 - Add confirmation dialogs","Update the homepage banner with the new promotional content for the upcoming campaign."
"T74 - Add multilingual support","Add structured logging to all backend services to facilitate debugging and monitoring."
"T75 - Set up staging environment","Migrate the existing database from MySQL to PostgreSQL for better scalability."
"T76 - Implement password reset","Create a high-converting landing page based on the provided wireframes and copy."
"T77 - Implement notification center","Identify and fix the memory leak in the background worker causing high memory usage."
"T78 - Review security vulnerabilities","Implement a coupon and discount code system for the checkout flow."
"T79 - Create onboarding checklist","Implement an order tracking feature so customers can follow their order status in real time."
"T80 - Implement CSV export feature","Create a data migration script to transfer records from the legacy system to the new one."
"T81 - Implement token refresh logic","Set up automated daily database backups with a 30-day retention policy."
"T82 - Add logging to services","Design and implement a new onboarding flow to improve user activation rates."
"T83 - Add two-factor authentication","Fix the CORS configuration to allow requests only from approved origins."
"T84 - Fix login bug","Implement an automated data backup routine that runs daily and stores to S3."
"T85 - Add webhook support","Add keyboard shortcuts for common actions to improve productivity for power users."
"T86 - Write technical specification","Design a friendly and helpful 404 error page with navigation options."
"T87 - Create API rate limit dashboard","Review and approve pending pull requests, providing constructive feedback to the team."
"T88 - Fix session expiration bug","Add loading skeleton screens to improve perceived performance during data fetching."
"T89 - Update dependencies","Design responsive email templates for transactional and marketing communications."
"T90 - Implement lazy loading","Create a product listing page with filtering, sorting, and grid/list view options."
"T91 - Set up feature flags","Add an export to PDF feature for reports and documents generated within the platform."
"T92 - Write deployment guide","Create a user profile page where users can update their personal information and avatar."
"T93 - Improve form validation","Implement subscription billing with support for monthly and annual plans."
"T94 - Update privacy policy page","Design and implement the payment flow including card input, validation, and confirmation."
"T95 - Fix login redirect bug","Set up automated daily database backups with a 30-day retention policy."
"T96 - Implement rate limiting","Add structured logging to all backend services to facilitate debugging and monitoring."
"T97 - Design email templates","Review and approve pending pull requests, providing constructive feedback to the team."
"T98 - Update homepage banner","Create an admin dashboard with user management, metrics, and system health indicators."
"T99 - Implement analytics tracking","Implement a CSV export feature so users can download their data in spreadsheet format."
"T100 - Add email notifications","Add confirmation dialogs to all destructive actions such as delete and bulk remove."
"T101 - Add social login options","Implement role-based access control to restrict features based on user permissions."
"T102 - Add dark mode support","Fix the CORS configuration to allow requests only from approved origins."
"T103 - Set up Redis caching","Migrate the existing database from MySQL to PostgreSQL for better scalability."
"T104 - Fix date picker on mobile","Improve error messages throughout the app to be more descriptive and actionable."
"T105 - Add confirmation dialogs","Implement drag and drop functionality for reordering items in lists and kanban boards."
"T106 - Add social login options","Write a step-by-step deployment guide for the DevOps and engineering teams."
"T107 - Update dependencies","Fix broken image URLs caused by the recent CDN migration."
"T108 - Fix session expiration bug","Update the homepage banner with the new promotional content for the upcoming campaign."
"T109 - Add confirmation dialogs","Add keyboard shortcuts for common actions to improve productivity for power users."
"T110 - Fix email formatting issue","Add confirmation dialogs to all destructive actions such as delete and bulk remove."
"T111 - Implement drag and drop","Implement an order tracking feature so customers can follow their order status in real time."
"T112 - Implement role-based access","Design and implement a new onboarding flow to improve user activation rates."
"T113 - Add infinite scroll","Create a user feedback form that collects ratings and comments after key interactions."
"T114 - Create admin dashboard","Fix the post-login redirect bug that sends users to the wrong page after authentication."
"T115 - Improve error messages","Optimize slow database queries identified in the performance profiling report."
"T116 - Implement soft delete","Write integration tests covering the main user journeys across the application."
"T117 - Update privacy policy page","Implement role-based access control to restrict features based on user permissions."
"T118 - Create product listing page","Fix the timezone handling issue causing incorrect timestamps for international users."
"T119 - Implement data backup routine","Implement analytics tracking for key user interactions using the analytics platform."
"T120 - Add activity feed","Create data visualization charts for the analytics dashboard using charting libraries."
"T121 - Implement lazy loading","Optimize image loading using lazy loading and next-gen formats like WebP."
"T122 - Set up staging environment","Implement soft delete functionality so records are archived instead of permanently removed."
"T123 - Implement notification center","Implement a file upload feature with drag-and-drop support and progress indicators."
"T124 - Create data visualization charts","Implement a real-time chat feature for communication between users within the platform."
"T125 - Update README documentation","Fix the cache invalidation bug causing stale data to be shown after updates."
"T126 - Create admin dashboard","Review and update the database schema to normalize relationships and remove redundancies."
"T127 - Add email notifications","Set up load balancing across multiple application servers to handle increased traffic."
"T128 - Fix timezone handling","Add an activity feed so users can see recent actions taken within their account."
"T129 - Fix session expiration bug","Create an admin dashboard with user management, metrics, and system health indicators."
"T130 - Add infinite scroll","Create a user profile page where users can update their personal information and avatar."
"T131 - Refactor auth module","Optimize image loading using lazy loading and next-gen formats like WebP."
"T132 - Add infinite scroll","Design and implement the payment flow including card input, validation, and confirmation."
"T133 - Fix checkout flow bug","Implement a file upload feature with drag-and-drop support and progress indicators."
"T134 - Fix cache invalidation bug","Identify and fix all broken links reported by the SEO audit tool."
"T135 - Create API rate limit dashboard","Implement a coupon and discount code system for the checkout flow."
"T136 - Add pagination to listings","Add social login options including Google and GitHub to simplify the sign-up process."
"T137 - Add keyboard shortcuts","Create a high-converting landing page based on the provided wireframes and copy."
"T138 - Optimize database queries","Implement role-based access control to restrict features based on user permissions."
"T139 - Optimize database queries","Review and update the database schema to normalize relationships and remove redundancies."
"T140 - Implement analytics tracking","Fix the permission check bug that is allowing unauthorized users to access admin routes."
"T141 - Write unit tests for API","Add loading skeleton screens to improve perceived performance during data fetching."
"T142 - Implement file upload feature","Add social login options including Google and GitHub to simplify the sign-up process."
"T143 - Implement CSV export feature","Add keyboard shortcuts for common actions to improve productivity for power users."
"T144 - Create user profile page","Fix the post-login redirect bug that sends users to the wrong page after authentication."
"T145 - Fix memory leak in worker","Implement drag and drop functionality for reordering items in lists and kanban boards."
"T146 - Add infinite scroll","Implement drag and drop functionality for reordering items in lists and kanban boards."
"T147 - Implement subscription billing","Create a dashboard showing API rate limit usage per user and per endpoint."
"T148 - Fix broken links on website","Add email notification support for key user events such as sign-up and password changes."
"T149 - Add dark mode support","Add tooltips to all icon-only buttons and complex UI elements to improve usability."
"T150 - Create data migration script","Identify and fix the bug in the checkout flow causing failed orders for some users."
"T151 - Add search filters","Fix the duplicate email registration bug allowing multiple accounts with the same email."
"T152 - Fix timezone handling","Review the application for common security vulnerabilities such as XSS and SQL injection."
"T153 - Update README documentation","Investigate and resolve the issue causing users to be unable to log in with valid credentials."
"T154 - Write API documentation","Add social login options including Google and GitHub to simplify the sign-up process."
"T155 - Create user profile page","Review and update the database schema to normalize relationships and remove redundancies."
"T156 - Add search filters","Set up a CI/CD pipeline using GitHub Actions to automate testing and deployments."
"T157 - Update privacy policy page","Set up feature flags to allow gradual rollout of new features to selected user groups."
"T158 - Implement subscription billing","Add user impersonation functionality so admins can debug issues on behalf of users."
"T159 - Implement lazy loading","Write a step-by-step deployment guide for the DevOps and engineering teams."
"T160 - Write API documentation","Add advanced search filters to help users narrow down results more effectively."
"T161 - Add dark mode support","Implement soft delete functionality so records are archived instead of permanently removed."
"T162 - Improve search performance","Fix the email formatting issue causing HTML tags to appear as plain text in some clients."
"T163 - Add multilingual support","Design and implement the payment flow including card input, validation, and confirmation."
"T164 - Set up feature flags","Implement an automated data backup routine that runs daily and stores to S3."
"T165 - Migrate database to PostgreSQL","Add an activity feed so users can see recent actions taken within their account."
"T166 - Add keyboard shortcuts","Add dark mode support across all pages following the design system guidelines."
"T167 - Add search filters","Add an activity feed so users can see recent actions taken within their account."
"T168 - Add confirmation dialogs","Investigate and fix layout issues affecting mobile users on screens smaller than 375px."
"T169 - Set up error monitoring","Fix the email formatting issue causing HTML tags to appear as plain text in some clients."
"T170 - Review security vulnerabilities","Add a progress bar to file upload interactions to give users real-time feedback."
"T171 - Fix session expiration bug","Fix the permission check bug that is allowing unauthorized users to access admin routes."
"T172 - Add confirmation dialogs","Fix the timezone handling issue causing incorrect timestamps for international users."
"T173 - Optimize database queries","Write comprehensive unit tests for all API endpoints to ensure reliability."
"T174 - Add user impersonation for admins","Create a user feedback form that collects ratings and comments after key interactions."
"T175 - Set up Redis caching","Add retry logic with exponential backoff to all external API calls to handle transient errors."
"T176 - Update color palette","Create a weekly report template that automatically pulls key metrics from the database."
"T177 - Migrate database to PostgreSQL","Implement a coupon and discount code system for the checkout flow."
"T178 - Set up load balancing","Implement subscription billing with support for monthly and annual plans."
"T179 - Set up CI/CD pipeline","Fix broken image URLs caused by the recent CDN migration."
"T180 - Fix timezone handling","Fix the date picker component that is not rendering correctly on mobile devices."
"T181 - Fix memory leak in worker","Add pagination to all listing pages to improve performance with large datasets."
"T182 - Implement token refresh logic","Set up feature flags to allow gradual rollout of new features to selected user groups."
"T183 - Set up load balancing","Fix all spelling and grammar typos identified in the latest content audit."
"T184 - Update homepage banner","Review and update the database schema to normalize relationships and remove redundancies."
"T185 - Add dark mode support","Implement subscription billing with support for monthly and annual plans."
"T186 - Review security vulnerabilities","Add user impersonation functionality so admins can debug issues on behalf of users."
"T187 - Fix email formatting issue","Fix the email formatting issue causing HTML tags to appear as plain text in some clients."
"T188 - Add tooltips to UI","Add social login options including Google and GitHub to simplify the sign-up process."
"T189 - Fix typos on website","Add retry logic with exponential backoff to all external API calls to handle transient errors."
"T190 - Create weekly report template","Set up Redis caching for frequently accessed data to reduce database load."
"T191 - Add infinite scroll","Create a weekly report template that automatically pulls key metrics from the database."
"T192 - Create data visualization charts","Add an export to PDF feature for reports and documents generated within the platform."
"T193 - Write deployment guide","Create a user feedback form that collects ratings and comments after key interactions."
"T194 - Implement chat feature","Implement an automated data backup routine that runs daily and stores to S3."
"T195 - Set up feature flags","Add retry logic with exponential backoff to all external API calls to handle transient errors."
"T196 - Improve accessibility","Implement a secure password reset flow with email verification and token expiration."
"T197 - Fix date picker on mobile","Update the privacy policy page to comply with the latest GDPR requirements."
"T198 - Fix duplicate email bug","Improve error messages throughout the app to be more descriptive and actionable."
"T199 - Add pagination to listings","Add tooltips to all icon-only buttons and complex UI elements to improve usability."
"T200 - Implement lazy loading","Implement an order tracking feature so customers can follow their order status in real time."
